{
    "build_times": {
        "Linear Search": [
            0.007417201995849609,
            0.03936362266540527,
            0.08268523216247559,
            0.36856842041015625
        ],
        "Binary Search": [
            0.01819610595703125,
            0.08916807174682617,
            0.20212912559509277,
            0.8648688793182373
        ],
        "Hashing (Set)": [
            0.11202836036682129,
            0.7143197059631348,
            1.5296177864074707,
            9.101114511489868
        ],
        "Bloom Filter": [
            38.26331377029419,
            190.69922614097595,
            382.88689827919006,
            1963.8111126422882
        ],
        "Cuckoo Filter": [
            2.2281301021575928,
            20.009846925735474,
            29.470722198486328,
            208.44470262527466
        ]
    },
    "lookup_times": {
        "Linear Search": [
            0.012738795518875122,
            0.06296302843093872,
            0.14001908421516418,
            0.7426073973178864
        ],
        "Binary Search": [
            1.022481918334961e-05,
            1.0262012481689454e-05,
            1.0237216949462891e-05,
            1.0766029357910156e-05
        ],
        "Hashing (Set)": [
            3.2465457916259768e-06,
            3.013134002685547e-06,
            3.838300704956055e-06,
            3.1409263610839843e-06
        ],
        "Bloom Filter": [
            3.58269214630127e-05,
            3.5271644592285156e-05,
            3.6730527877807617e-05,
            4.274344444274902e-05
        ],
        "Cuckoo Filter": [
            3.348207473754883e-05,
            3.324198722839355e-05,
            3.543448448181152e-05,
            3.332996368408203e-05
        ]
    },
    "memory_usage": {
        "Linear Search": [
            7.629478454589844,
            38.287946701049805,
            76.4349193572998,
            381.6107006072998
        ],
        "Binary Search": [
            7.629691123962402,
            38.14697265625,
            76.2939453125,
            381.33123683929443
        ],
        "Hashing (Set)": [
            32.00023651123047,
            127.86176300048828,
            255.86176300048828,
            2048.1398878097534
        ],
        "Bloom Filter": [
            1.7152671813964844,
            8.710914611816406,
            17.140658378601074,
            85.69836235046387
        ],
        "Cuckoo Filter": [
            61.463196754455566,
            308.9374189376831,
            619.0214958190918,
            3063.1451358795166
        ]
    }
}